consumers,avg_latency,std_dev
1,93623.1145,55155.276584248335
2,101917.2475,68479.93654693308
4,91450.283,56513.907834286794
8,83900.506,44835.92469777685
16,36635.4245,34588.02352881868
