consumers,avg_latency,std_dev
1,807821.3891,359917.86200043117
2,496857.397,229735.94298470777
4,524923.3099,223453.9246054578
8,367716.5406,198688.90785226916
16,61112.8443,44692.0304399872
